0000120C5998A69C7907706CA1BDBBF98CCD884891D68CDE4D87BB530AEAF015,0
000018022DEEADDBACD1E5E2A7942DBB6F48429B7D755D7E021899DAE3E99A4F,0
000023827E6E577DE2C3772D2B0C184EAFF7FFC314D6CDF62B748CFA6A462AF5,0
00002619705F518214A5AECCBC2BEB5E2A21F6BF239B4F7A934763A6AECB12CF,0
00002EA4413CAD0DFC05648C2136D8149C12D144937ABDF8B5352716C10B6FB1,0
00003A8F140116EB686944700FA9FC4179AF8CFEA3975EAA842A94629BC628ED,0
0000499EBC668A309BC345F0F9B7C32CEA341F8FCB35F29F66C88F87A425CE58,0
00005CAB133E616240A70A4B44ED859C29E78FD1710D7C6F339AD50684FB84A5,0
0000708ABE25E66AD4FFF3E1D2FB3DB79DD2E77119EEF189040AFE62C01452F0,0
0000A6BBC9ACCB424B67AE231B6553805849D71CD2BE49A906151DE40FB76945,0
0000BB7D9237A1991B26AAFC70CA7E8DD1B52B3D28F89208E8A5F0F39D72C07A,0
0000CB913782A7CF7CD439E8606FF6A8B37643EC3D60BDF819188E44EA12EEBF,0
0000CCF86A7A370CB354F439E6518B3042FCD9E33922355C015B8C5663BF2385,0
0000F398D2F16CEDDE5FC791792F93B8565DF2917C6DBAE05B4B4D33E47AE68B,0
0001172905D3771530FA8F296F48EE5D1A8D5BBDB3C494CCDCE80757CCF64223,0
0001322518D70C93E37D74217F6DF3E460003CFEB557CBADDE950734420E621B,0
000160700DDAB3914C4A8A8F025A80AA8BEE168E4784E980F0CE63396EE981D8,0
00018A5DE07BEFD97112A72FA7850C6B0267167D61A74DE16F2AE641B37A1860,0
0001A54FAE4B2CBC5DDB3512E7F78E02082F23A8B8C6B93B8D8B20FF1BEF4089,0
0001A76761CDACF9A12A72CA2C2F210A4A4D100B53E65D72BF7D569C8E478580,0
0001B06D341866044DE23E5205E057EF9118DF2AA3249D5BCE6937DAD015D0D5,0
0001B0AE3D19FCDB7CF6CAFD0B58EAD85D9CF454509338284DEA0FC7FC016003,0
0001BF0087F2FEEFDD1E9992BA7AB341CB07C9095EDD47B704F89089E52FE96F,0
0001C46F5C72103B4ACAD26834D8CB536379C3B39BF864D2C6AC35873FBFA448,0
0001F6AAB0D2F9B5B959F3D435163E1543ED3206816526DE3E2AFDD3A1485600,0
00021A37B2F390C892258C1899DB9156F679B450D963F355E1072626AB40B2DB,0
00024FBE18C852715EAE7AA281C08D2784096B5947E3BD61D0F6851E27886BFF,0
000257ED10F5CCA8DC10562775ECE0778912F9604790E2269292E9487704B8B2,0
00028827E9E52E3AEC59817557447CB0B527EFFB1D05D4800885AEA9E0341DB3,0
00028E6551CD4293A86D7462305B6D10E1B64B148D4C924781C9B1B16FB7383C,0
0002AB26F8329E10A400A7A1754E42E03C76CB37189094EC6212AB127199C4EA,0
0002B0EE2B0763F9D7B1B6D0983B40D346EC24D7C6963D9D6A8917DF9BDD124A,0
0002CA163461C26D3EA1D7384DB1833D4002CA679D0BA1906494E1BB24A95896,0
0002E7AE49AEFE185A38C991347221090B65F0436D4B905D2EE11A7DD7780218,0
0002EE103FAD7C2EEBC7E66E14FAF074038103EDE86339598428143D325708D4,0
0003374070835FE3FC0D4EEE004DACEA563741C370F4AD0E54620DAF0F39277D,0
000339AB99933E6886FAF3B4BA7F8E86CB51309FF1DA42EAC0482F9A4B0516F7,0
00033C4E3CB18735BF6B972543856B47FD474B679713DCE7E0F70972E4119D1E,0
0003BE4815F5A40AF973AF4C4C7868D89604C28DD7EF0E95BDD2A2A1CB8596AC,0
0003E2BB583FBBFC2A340F5175767A0267349C9F80F055FE923BB79CB6EA6D41,0
0003E78D64779581F227464C08225A54D0E4201C9F9717CDA425678D0BE25277,0
0003E7C95F64F885D2A1A3630FB1576CA3A248E726C821968E6E675718D2A198,0
000424E03DC4C88595190537B040922DD0EEF9D2583B427D4A4EFD2C6FE688CF,0
000434A24E5A9D5D0EFE900237BDEBCC370F9E18E0F9D59CDF808B92A0D70D29,0
000446B49463394948452D0FCE43559BB3BEBC4E9B865A51AAB52701C6E7D28E,0
0004553BAF9C7EF6B2DE30BCA8BEC5944D5B4700D09112D46158A7F6BAB4C4AD,0
0004623347427061C39566ED91FA33179F757D2D1891BF649AEBEA89AC2C4698,0
000462D761D0BCE2A1812A17DE1D1F30EADFEBDB78E12A9ED4ED380C87C086D6,0
0004CEB5B7012A1102F0BD5E285D8EAD4BA45E927E8ED076A809A8DABA5A289F,0
0004DDAA01CDCB004A002F2923E666234EAA6D1F2ACAB4FEE1DB7A44AAEBE21C,0
000513D8DCD504BFD3D44ACA4C71AF33D4AB7C10DE1BA069C39669563AD24E94,0
0005394CA712861BA3064A1AA693BC37E5092A22FA43F52DED3706EDE452282F,0
000552F40EDDF94F5663E157F15D960D8E7256F3DB1912D19F7BA7DF52CE17A2,0
0005546AA7915486D4098F59E82AE2A037D2BB75C8DB70232BEE2D68A20386B3,0
000578DC84AC05D73416B44C3D3E9B838FDCAFF30ABE73374F5023193F186B32,0
00058AE616F78D71D9A264607E0CF5417A8234BF3531AD607102441D3781AA27,0
0005CA3F0274EF0956E50116BDCBAFFFF5CA3E6E7B9481BD6971F3A3B0382A54,0
0006229EA1A06CA6ECE5D73CD201F8C103D11AF5DCEEA23ACDE36C68DB505C8D,0
0006512E09ADB19F8BE3E77073F1C46265B6DAA2362AE4CD0A88BFBB4F7A9D44,0
00066353ECA48A99661BC0BAD4A3A29A009E97515AA7596A722C47CE2A769CFD,0
00067057D7BDA1CEB148FE031662239CE260189ACA0B311A68F9C06450CEEAC8,0
0006712882D575DF2F27EE5E948D0F8537052C1BD37E73EEC1C556B734A89A37,0
000674F0A211D3C2B033FDCD9D5F2E187C611BEA70ED610CA5A5D5528DE49010,0
000677CC14D361DCC4024D7FBA6DCF0A8421F2B28518D77A02103823657337E3,0
0006892F518A9DA43ED8738E2649A18E78680B38439A451D216C672BAA57D8D1,0
0006D9E70B99EA21C7861EE091DE27DD62716EE5301029D125A12821E3A89943,0
0006FC06617701F138D4A5F9F223AE6CF93DCD124F83B184797727A9939EA2C1,0
0006FE1E3F4ADA4B829D7044025ACFFDB5F139A6CBF0056AD4500FCA95605912,0
000715E645462CEFA3B22B663CA488D97F32980EBB5F4F30DCC900B59AB831D5,0
00071DFCE730811B0A04F60AC9F72C20DE682F5FB654A8EC6943AC5D0B0E944A,0
000733C099CE2B866D165FC9DCCDE8F54ECC596F04246914F63F8872EA170499,0
00076D3C2492368ACA9587F4E7E3CD30642779D008A2FF9359669360618F5D55,0
00079D9B9227CF55BC484898F1979A7C29016CD0032C12A27477E6140C9A6B41,0
0007A751120E9D2640A1CBF1C8CB542C793DF1BC72A0DDC575DAD4595DD548EC,0
0007B53384CFAA2A1C26E86FC40446762B1F6B3DDAFBE5D407578E997589330B,0
0007C0865386FE33AC14EF9EE34490F66254E9CC451109BA45546FE01F6EB970,0
0007E73C5B76B16C78EDA2BF63E47A142B3290FF27F58F6C7CCADEF830447464,0
0007F9E08C05CCA16C47130BE80DDC4A5BF1E28615E6EE93A6CE9D147A8A85D9,0
0008067A87A7C42547279A01C782C71FBC7344CCB1FB9F526737E8B6D9C2260C,0
0008188A339642A43023DA6939E6D3D182C15868F30CD1CCDB82F85653C2A702,0
000869953DE1FF6FC25DBE6DF1AA6CA369F7DB39A594AD6D7B905E4174CB2F81,0
000880E05C84733923C35516BD5F1E07F06EE040247D548308AFB412B24FD342,0
00088AEF9DD3ED4A82FA484740461D8AFA7DC9F880BE057AF58D7295B9F6D53A,0
0008C3A85769C8082AF4E009A7B37A411F956D4503E38EF7E2B23B10B2CA75A1,0
0008CDC31CEC2505511A26F54643CE72D9269BFE8409362FACE35990E05703C3,0
0008D02683E9A148D1DB20F439D744CC8AB2C5986AA263090931AEE9CCC546E2,0
0008FC4A846F82550B0DE2FB2C3D81479570B08D7F6F3D67BFB3F1B59BB0D54B,0
000907035566997247D7331C758CCE6A1AD0890C6D09D1767A73AA71B094A278,0
00092A3D5BC532DCC9872A2ED8C3D7896AEDBAC431D53F0297D978C828DD092A,0
0009582BCA97A9B0173BF0A992C417426D1D7D4E79F15F5B6F205BD2B3869884,0
0009B9D191236FEF80C954FEB2EEEA998D8C2A1E2CA6DC273A0A68836851423F,0
0009C92EE9402FB85707EEC484B5094932E385444D93925EA46B8975B605C932,0
0009D7807149EBB88C601E23979ADB3B02E3FFC5FC533261BC4ADBF2643099A5,0
0009D826195C38F463EC278E03E446A6ACBAEDC3BEE246DAA325186FFCF26B71,0
000A15109913FF8C0C65FC088B3AE99CBA8E792A4A58DD4CD241E4CFCDC88FFC,0
000A8546C83CE818ADC8A4C1732EDE71C94FE053FB11063077D4A460E9CEF1B4,0
000A8D44E5A296B9F2776DBF6F72DD28D56555D3B3C8C303ED4F967DC32DB718,0
000AA0451F96AC4709768D16B3F36987A6E6C14812EEFBA533F7AA0B0F551B9A,0
000AB1F98D3BB75FC66A916E91670137F6A52E7211BD012A885040A349560720,0
000AB37E7521B0F68A29058E0C643CD91CCF9FC7CC5727199CF27B84F416BA32,0
000ACBE4FB41B20C04495F7C83C5F857905FB75EF1544CCEE2294641D60FE8C4,0
000AD25039820132BDB59BA89B3EA6891991C30206E5F4202FD0E6130E5DB208,0
000AE491C179314322821CA65782E8F81163D11DF5D278A0375294C40ACB7BCF,0
000B390A3721379376B43BD4481DB65C7EDB7C05514EB681B172CA959F85CD1C,0
000B8CC2FD6EDBA7BF84EE60DF20961862532332F565DE758C77DA25EC3DA3F6,0
000BA2B2C980A7EF6B40E6A85659B66CD194D328F5ABE35DDFF574C48E292B2F,0
000BEA6608972799B8A7CB2371068F507E278551E1053EAE0F623F851899E903,0
000C132C40AD4A59395B49E56BD0FCDD58782291EC11EE862A40C1D6879F1AA7,0
000C307C265C9EF339C12CEC0898BF59A0FBF07690DAB2A4615EB67B3BE8F9B3,0
000C3E603AB97B6BFA69C2C31E2135E6B0848403AAA35FA296644243297FF2EF,0
000C5318FCAA323B0544ECEC8F5A1FB558702F6C059C2FE65677630DFD3DD032,0
000C639905B4FC8A69483C4327F9FAB6263E883F8708978F85061413051908FC,0
000C6BB100B3A78D2C132DA626558D259E7ECE95E728517C94CFBE40DEC7C551,0
000C76F57698BEA95D94960DA44D07730D844A1F10F08A0ED570EB97655FB388,0
000CB3B7ADC90DE9E58DA3A0A09ABFFB41F7821352F027E33973ADFB436624C8,0
000CD70C1E5043F728E8D5BE5525A0A08DD86A58EF257F620A2F9A8506BC5518,0
000CDF6ED6BDE9BE4629E6A93B861AA6FA630531FB771C0321346516CB634B06,0
000CF33A937B14D01799F668F11C95EC045ABF2816CA8587F95D307F93A080A5,0
000D116EE0B2DF85C0551ECC9DD91B3ECEB40750BB095E237DADAB0017A0A383,0
000D238624934B4090223328C21C0F4161F441C97573C5F0B9F01726567D9AB4,0
000D5B8EAFDD41285B34BB9CAF1F2453B91259ED3F86CD1A4F645B4C78E2A920,0
000D6EE8B17E757CD47762F69DCA029B45951A817F34CBF3910807DE3FA313D6,0
000D8B266F48CD4426CB9FF74CC6FD82C2E54DB67D313D83C48A98F57E49E14F,0
000DA3134935C5903346E1107D1295A4F2F8486476C747C92172FFD3CD172008,0
000DAA5BEE37FB5E3B9FA65A74752A826B621AE7EED69A25A88CC5B2FD64566B,0
000DB00A8ED2818088D6A60A17E4FD933C4A9EF68D161A472C47AA66CC773D79,0
000DB744A180201AFF7C9B3363B25DB8E4EFDC598F2CE90086EF8389DE06433C,0
000DB85981C7ABC7C6F7E56F97615DFBA0EF2FB196AC028B93767A3A44DF4C63,0
000E04BD33362AFF5C7F660B0B312B289CCCA5AECD64483311C1F499EADBC52F,0
000E2518BEDE345B141DBA8242A471BD1A8C9A77A768CCC67ABB8DA0837AEA10,0
000E26D5C6C89434F896DC890CF3A2EAEFFFA4C787C7563F430BCDA6A6E3C62C,0
000E2CD175E0D2215A3DF7ABB9343FB2CB8ACA88B090EACD38DDCAC078B38EA9,0
000E3B127C467F07F2B99314D4903D11702A2C09C982186DF0BF361E6E4BD7C0,0
000E4A57D4B4111F43A3DB967371E1F30C1C7621F1C8B82A28CC716F086A8FFC,0
000E730583A2CD4D10DFE8CFFECC9F0DD180AA9966A0C0F3E7983850AB768E41,0
000E8074356072356E386258B8F286DDCA2E89849D90C4C5FA30B0D57881A430,0
000E94AC669F6B62294307942059BC1D99EAB1BF88AE98363B145EA1A6D91849,0
000E9B55877C80866CEFAAC8EA5D30B3A2EE6FA3CCCC611D088F98B9695BCE87,0
000EA31E0362C6BFF85B2F5011E7BE4374E13C8AB111BAA602555259DA88E2A6,0
000EA35CAA9CE5C68E77A55483160D23653A490F9AD938ECD109367DB5208649,0
000EC0C1857A54C82ACFF2E38791F12C9C64E6E0DCABC88987494E7AFD7AA0E0,0
000EC23F61599BB48E906E3ACA96917AC211EFAF9A0D7FF3DCB0E546CFDCAEFA,0
000EC809D667F39B92FA8E0A017F88E6BC6AF47E86EF523B1715DA6473DF5B9F,0
000EE85291E91D7E63C8B1500C6C94F56CA87800BE0F54414540F50E8AC68390,0
000EF58AAA4B314ABCC6C1162C412893BAF65A568A03C659C9B0DD095A933020,0
000F09DBACF5ACE7DB0224C057ACC4D0CE2E420EA340124865035023EAF4A91E,0
000F12135B66137221358C7E33A773A170AF1C7EC5F1AEC898233694F6233B05,0
000F4E9FDE9D5BA3199E54622D3074AE51384FA2C165F2A7DD2F44B3DAD69FFA,0
000F6ECB6D24A9BD90FA77C780361217F686047BE765CF6B661EC5E8BEDC8C15,0
000F7F83A729C83266960933EAF2C367DA7C82BDB7D8BA447C11AEA9EB499DD4,0
000F8E96AB4097EC7DFB05AD526EAB6A1F399064FB483F387C155EA2D23CCB25,0
000FD61756CB99A6DBA6767AB811485FA17DC9280B9D81FE1FC1D0F791D8BDAE,0
000FE0B15AD94315782ACEF95524A1335354CB1F7CA78FC9761A4050D5D9599F,0
000FFADA859B061FE114FA1C19ECBAA0F9BB6F81553442D97A7EE0E49BE241CE,0
001022C350FC1A7D505926C4909EF38EAB6DB963FD3B5681B63BEE23686A48AB,0
00102A0F3EED0514AED35221A3E71A8CCF409EB47EAC2F3C4F1BDDB306EC6679,0
0010471A82C6FC17C5F33BB1816509474661EC0A5B3E5C3D346E70E7848D893E,0
00104FEFCB6CEE5061D6B9A720F9B8FB980AAC5510226EF87DEB9FF212BE93AC,0
001061367282761708C6303E1DEDFCA6BC18C6EF3150F547425EB0A2C6A402C8,0
0010746C2CBB0F34E2D1244D3247CD5010DEC5383BCBD8706E636B333487EE49,0
0010A1FB54EC5D1CCBF5CCD552F51ADD1FA1C6A61CD3BA2A9CE7B0A87873E30A,0
0010F10930100D4E6BEC3E3489831FA0DF0D9DB7900753D829D159A86A184836,0
0010F29EEE3AE0312D296EEBA1340B99A64E0759E52AA3B4D8F9D4507F246B59,0
0010F7867D28539C1A89D35DEDDC910F378F44586A0EA1BFCEA2C004981ABAE1,0
0011135860F3C1F50A6960472E5A6ED3161A94800791B3F1A8B0DF3C7F5B7697,0
00111AD8824985A5156449965A56D208D23CC0C1E7A6E2D52F925E5AA4F1039C,0
00112BB0B3A4CA8AE3CAE96FF750BF5279E5D80825D4ABFFF63A8A6381586F37,0
001151E05DA33001CB8A6F7E09D78958797DD69341A2ECFA87DD7249B1728C71,0
00116CA636EF6D3067A5D25FB5DD493F06CEFDE9C6BA80F2C2F3F371050323BE,0
00117E082570EA152F95E0188F7E8831545B9DBB8B7CC8B9E9AA9104732C7FF7,0
001196437B56BF9CCE0DAE194E844492C8F45550B7EF90BD990B8D8C3082E905,0
0011CE077145025CE882820AA5527D853772CBC3EC386A337B681DB46FA6F072,0
001202015CB175B712F3FE07577A46B2CC31AEB97198D37E60DDF072E625AEB6,0
00120DAD331324ED394118079BCB91D2B3F69C42E3C5135303DA50272FAE45F7,0
0012254577AF7BEA485578ED89532FAA1F948361154458489494EEDA4C382716,0
0012260A8F06A02FC0537F74D35D17B7B1ADF34EFB78E470955B18554B4BC072,0
00122CAB21AA83E4CF3063BECF3E748D03A19B7908E75030AA85630CA926E9B9,0
001247C30A04E2A996CB7CDC753EEB5A3BFFEAFAA0210BF908D6291C412087A2,0
00125102DC0503633FEC8C21BE95D94BCB85EFC7DC79419480BCBD3BAAF3B45D,0
0012521D9836C1EA03786590661839225E76EAEF5F81A771A036270075CA4354,0
00125E4F3917FEB39EDC495ACCAA4FBD09EAA293F8EEA911CE0F45ED9BF17E01,0
0012783E92BBC85F3A47BF96568322C49BFF782C67A178338BE62B7BF88742DC,0
001310F61BD28D7297873F6D4B0893E60306AB068DF3448CF22CB793C4F843FC,0
0013222FE87A2704408C03F503C1E651B16DA4AC03D1682409E15B16530DB7CF,0
001356BE4790AEACB612ECC961B19F7A461D5C22749D736D68AB8AD71E65DEF4,0
00135AE58A9C019C7BE134152A81ECFD339A8277888A603FAD001ABEDF666ED8,0
0013758A2190868BFADEE6DB9D03795B3E8B60347C3C3EF37631A5659EA0E71B,0
0013AE154A1D72E0AF504461F79BB524BDB2E39360AC7B48A664C36CBEF89CAE,0
0013BB090530C8A7A9CCF85F319D3C8BB2DB0F752C359E90F7AEA781404D7F76,0
0013DFE133ABB2D4E0D0243878F832A6F4650812AE11C4E59ABDAADB3864B5B8,0
00142796A7DE7A8FA2FCFE59E41D021D53E98FF14670D89503A9631654B228D4,0
00144376D20FA67E1465B411ECC9C4728B477E134B93930D764CE95C24CEA147,0
00146CDEB5D1B86034E3ACBF02675BDC7B57B293DCE6B1A841E02087A69FF7AE,0
00146F1AD91FDEF2FD94EE8C802CCC3F75A94AD7E5FB45CEFCB8E511E1C1D412,0
00147FC8B4BC004E47F821F852A47374B676C8E4BAA20E065D34ACB51579DCBE,0
0014822CA4426258CADB80541ABCC1D48516931584FFFF5E32A68F0ABFDCF06A,0
0014853D0918D068B720955C098F940AE7893E6B2BCA6F429531DD20AA747A0D,0
0014906197B53B472D29CF39025D0E37ED833DC67B5089F943B498C66D083A4D,0
0014A1DDBE9CBD2C45E521C6EB4516B3BF2F4D1D1E39D5BF1B5908EE181FC370,0
0014B4BB6C87D0CA89AFF25A69427FC0C7A4BB90B262F3B4C34F8FA93AC3A8C6,0
0014B4F8C0072BC55027148FF23C9A127255921482E472F49CA6004A15C7DB67,0
0014C902641A2EA205B94A699C7BE6C6306D52BDC2AE1FC6445EF2E4B64624AA,0
0014E7C4A75398E2248E0E16DCF91A83E6BBFE838CC964737DF02C445A228750,0
0014EAB602A8CC6FEEC52CA0BFC1D24DC928A35BDAD6DE2EA37146460C5587DC,0
0014F42A055A8D36D52FD7015F44DDE3FB1F219ED625BA00DB6606EEB28D1F81,0
00150A71A5CF8FA9EF04A997BCFEB0F5BEDAA1D473CA53367DE8B03F21093C62,0
00153CD9DE80491EDD212F8940876366F87B50452906D7315CB8FC5BE9D5F877,0
00154456B10D6BF1F16DA14267D6063DAABEC20FFD28ABAB942D7BBD266D430F,0
00154C797290C3684BB678B05FAD798C9BCBA9905907AF2E026E9D62470112CA,0
00157BD3066D1E4AB0BB23BBC0EB35A8E90E7C39DA5B97BD550D831796D64627,0
00159A864F4AA4C343E7A3411186BCE572B1FDACD87CA4BBB4349207D8D95EC3,0
0015CF701EFFBA5A3F5CB80C69A83AC7D67A77E7DEECAC7E70BC9FF37E99CFBB,0
0015E059D7CAEF20A4F3E1B8AB6B88FB7A02D1D6EE952B6396B53F5C9C4D35FA,0
0015E06B0A015309E3541399003E7FD9131ED04E47219B6089B786C1DAB62F43,0
00163DEDC8072EDF59D7C26D3033B20FB20A908E723196337879D9CE64296820,0
001651310236E600BEAC48AEFC48856938BB654A1A6DCC1AACC07A89FD538DE5,0
00166CF4FB6938C2355AA9700E11A819D878C161B88C7E8712C40B5532C883AE,0
0016748952EF328F1FE2862B44EC55F47A5BA750124884355131B0F991158879,0
00168281CDBB078186595C1DDE3ED5CE28220FD25223C7A137C890F0FE162E39,0
0016FF1FF231343B97A01F74358039E0763D1D7D1A71A924A7ADF6148A1D0079,0
0017288B5BACA5108EFB77A2D98CB46812AFF622FB323F226F6B51FDE520A50A,0
0017414CC0EA17AA31C0F9841E584A8C907FEEE5D07BCC4F773A0BC03DCF6125,0
001757B90EF6270E5E4F1149FDB00E18D0ED3F5FF89D96DFBEDD02B447623E26,0
0017583FFB3643B1E5578702C3FC0CC2509E6B052C3D00F7C25DE37FF6565522,0
00175AA6C8D02FCA775D2CC0FEB62532BB11A869649B94812D27A4FAD8F70E36,0
001772041C75CCD69A247181B27256ED313F3A9D2CF678BCF232588A6DBB69AA,0
0017947A1B3FF97283FB7E8D6346C43EA5FE2D06423DDCF2BCE47374FD90196E,0
0017B4DCAC41D29286F357CD8B51177461B1BAEB975243DDE63550BE41AD6A04,0
0017C8495F7ED2E7D25D327AA0D8DADED9B0B432C2F432EBD9CE0F4CCD9C75EF,0
0017F8DDB37F848CEC62E0B6A46392336261FA08BCE4937885CDD211BBD072CB,0
0017F8E5F6F28A73EEDE78DDE51D4B52842CE4F58345FDBAD5C7C20741042CEA,0
0018189A15810149EB9C4EE4B04CDBAAE5B96A26FF52F9F52B23C4437F097795,0
0018190AEA1258ACE3DB68D4C624A8AA00A0DF02A55BC835329A7DA4FDE70036,0
001829D37E4A29A07D1F2E2F443F742658B34FA00022BB90DC13FD6E7DF43D1E,0
001853170A200D6AAA4CE8BCAFE0995A2E3C2563D0800E95494E7CA34B791E05,0
001866034F5DB362C7B585F8985185A7C62A9077FDF220FF39D4811CE0C9C168,0
00187F2F5F0EDED3F5A6FDEDBED56F13A942400AFB4C7015569F354A86776492,0
00189CF590D05E619E63F7DEFB53D92A991EA4AC2F25D40B6D12B165609CD689,0
0018B30E88A35935EB268806B6BD5B57AC36E3CF777CF9D3970B487D62E55305,0
0018C44B399917C7BAEEEDE47793597E60D27BDB9F372CCC70B40CEF5AC987C0,0
0018D81C246A7507C2A856EEA29379294A113F9B2566D7652BE4B970B5FFA469,0
0018F117A1C9A3D5CE62DA5AC3C08FFA04E81C08AF754D760860C519567CF142,0
00191CA5E4DD01DF201A40AF0B11B597039202A087449B1BF484CF477A44446D,0
0019201BE5362016872F830D90FA780355892CC09D38E07B13A87F8F9534927E,0
00193B27982601DBF0904F9FAB48B46F6F4C61E188AEB8E094AB4226F932CCAE,0
001941DDED2072E075908DD326E5272587263AFE59425338FDC6C7D5CDBDC590,0
00195441B23751D09E05CEA7007668B3B7755DCAA1BA7C35D1FE7939CA989933,0
001967EA848B4D0DAF58D65ED944323C229B5EEC679B2FEFAFCB84C055429D48,0
0019835F2A8EA2141B2014587BDEE4FBA914B3017EEAF44E49D353693E5932EA,0
0019DA917FD6EB2F997DE5088E7C0D0AEB6F89B5E437D88CC8C1B29C62CF371B,0
001A3D084EEF0B2122D8A751668865CBF6935F4B05832BC1A53775295C67E3A0,0
001A5F1B5DEB887BB3FC2FE1CD4AF16FE7843507364A0258F7994371C54AB3FD,0
001A8C89412C056774B3DD418F6FE6DCF8CCF5B36B0983F63F3A7202EB823D00,0
001AA188DEC2E42E0EE9B9D385028FF70E6E9D577A1DE8D97BF2BA8CD563BF54,0
001AF0DEB4B413EF52A6A6063569126F7DD698783A7126455CDA8EF8E4A97983,0
001AFE645786126779695CF67FF3363B8C220428199ED479DB181715A8305590,0
001B0D5BF38E607FBE8D7170D020A60941AEE7FDC05D395A52B39F92C81C9CE6,0
001B74F83BB2560679B048CDD39DF534D77CB3BF74AF1E712827A4A873F69DCC,0
001B949114C2309F7123871033B1D0CE81294F99AFB74FA688892A44B7BE30F3,0
001BB992EA466E93890F1F537D58974DF22777BA8CC5971BF0C7DC4645593137,0
001BFA3AAC16C47BC8C0D0A45EAA048CBFEE53C8394FDFB5C2493E50EC22E8B3,0
001C08E907564EEB9885D454FC66B238775073B43594F4AEF109F65ED2C06DC1,0
001C18901DB9B06D3218EED4A526AC534B39753043597397C014FF56C53523F7,0
001C5184A1578728C810EC5227EB7B2BC07F488D98886A8835CFD7323A449572,0
001C54231D99310FC2C6D1421867858566B080FE4F451A4DF59D1DE0CE0E8F1E,0
001C73E0D2C548C2D612F893863521A567678CE23367C2E960A70EADD99B3976,0
001C83948A9817933F2A353293B7B74D94358D6DDCB4C391CD22FCEEAF848BA2,0
001C85B83C89C7546D3946C15D4F85A7038F0C42E02D6CB383B1C9B2D4193EC1,0
001C90EC67A0F16B83FD0EBFCA9CFD4C303108BD137150A8E617F06BAC6F3A77,0
001C960136A7FF31C673C9A438421AB22D9EAE2D05462C53C05BC456C991AEB0,0
001C998A7D0EE95B72919D6148F329801A0A898154BF438C437F4E55A2E69352,0
001CC622BA7C1133EFE45EF4802094CAAA95BBBBFB3E81201D48B22A6C9FF146,0
001CE6F4BF6AE4904031D040AB09B8E5CAA712DE0DB6B5F29FF420DBCEC41D06,0
001CE7D4E9FD48E8B08DAF8BE781593A6B973261C3ABFB18D3D0C4BCB2C55843,0
001CEAB6F26E1A0C9FA6C7D8CA60F28E832327AD19AF31DE90526F03727FF436,0
001CF29FAC3253E7288F8831653FE312CADC40812AA26954A3A85851D9DDF10D,0
001D1B61E527FFB5A85E57E5F00BAD304DF2EFAD64534487EFE04A74CFD08794,0
001D2424D95B38D4F5F9DAE76A13B7EF3A3395BC975EEA307E9DFE9AFAC6E151,0
001D70E9BFC1B7CE1922924357DA7E0338AFAD283C9FF8D2BEFB1F74A384E9BE,0
001D951BFC26B2D3FF2EA632E1B2EFEA3C0662EEED956D99C713A5BA83BD453F,0
001DB967FE358205141755EECC18DAF0A3B81981002D916209632CB1BD89B52D,0
001DBD6F32721A4C1194CCA8B360B6DE7BB2F894AEF717509ED4E2DE79AFA01C,0
001DCA140E0BEDF4AD88A88BF8CF0A13A264F2A2B98797151F0175C8810B7E8E,0
001DF5BA2B2A3BA905ECF79017185F4CA2D83B8AAC15BB638E21D6DD6A4E3B56,0
001E3E20C0A9E4BF8E637DE8C193C8184FAA196064F8073B75C72FF768C1941F,0
001E492C1DCFEE402802A0A6D957FA6981FD9A0285694AB8A297795D4045270C,0
001E5A4B2DEB470CB001860DEEC33A4F133FD2CB19A2A796CC55CE74F8AA92FD,0
001EA60FBAE1ED76E345A5B72A7ECAEDBC07956DF9CB9F9C857057EE44A88C55,0
001EC1486FD725CCA34F8540DD36ED8865330C6F6CC8C7F2305CB7F041BD8150,0
001ED685196C2E06F3E6A611C50BBACCA752175203A15026276B11A965F85B2A,0
001ED8463D7AECD120057B0F73FF1B732A90469C952EE8CAFA9DE94B19033E90,0
001EDAB5B63B6A94CDA6811186240977B28B1B7CE0B1A4AD33AF15B4457E6981,0
001EE4C05DBABADA9D29080E6634B7A6F881538BEC6BF8F76C7B07685A251330,0
001EEDAA2DFD88AFB493B7A94CD263F68C405014DB72D353698BD201458271F6,0
001F3056B404E9B91617450CC569D06AB86C6157215F43E7E13972CCE375E0DB,0
001F42EFA754F55BAA8B89C2ED71F2B6E9C71018B8D7556379F3569BD903CA92,0
001F836C6EBF51667D19B7E247EB031926D17CE6D6C47DB71629D1E0F7F6AB43,0
001F909C85D9471C4E0660F64099EE7BD97F1B2629EB1C76FC54387EBD36CB6D,0
001FA92F190F2E0BAB3757946408D2F6C94D3E66863590755AECBBFD3641A2FB,0
001FAD7B59E4F5D5A7D9EAD37D9829B834371E0AED3B9C8B139D4A6C60D4281E,0
001FC290A2AFC87B67A77B9E514D8E4DA15D9A7C28AFB0488A625F5BC33A571D,0
001FE15B9029F70C9E362C5327EFDBE97C3D398118268B6D4386DC858033EAEB,0
001FF2972FF4B4B0F98DEBF8E73BF53894FF990B77991F8B6E4731FC786A336B,0
00200CFD38DCAD01B709F21C39FD6B62241CCCD0EA58448FEF87FC8F4FCD71DF,0
00200F3AB75F76F56AC2F0C1E7C5FDE00DB2A3A22F00E1813A1873E2E88301C6,0
00201454FE2ED3A2ACCEF24B16C64EA97D13CA4983A67E27CF59E9EE64A2A0D1,0
002045551FA92D48443B63BD5D50917F7EF8E55B92D9010714F5DFDB6D4DCED3,0
00205FBA39FDC93A303A6F094E7D8BF2E8766F34453FC3CE810711BE8DF81CA2,0
002093E21D90A2BA74E6ADA422AE584D0128B8088814BFD7E62535D8AD79A578,0
002094B6B25E51F823C30F57DBF2DC3B279E000F7A03B9E60349596DF9FD1FE4,0
00209FA424E6904F6D74B0AD7E02C2A1E3ADBEB590838EDEFB32971227F1E43A,0
0020B965DDE518ED2FC062935C92AA8BA76A54289BEB7CEEF615A2DC02669E46,0
0020DE35D43970B83C47D9E83D230AE79E9DD399A9A0D7458697D09320256D06,0
0020E71A8B54253D3FE983FB20B780707E5678A0C0CB330C8EF65AC83B878C44,0
00210AB40ABC916329FFC899C437C814CA3242605FB707F18F33C5E130825CC9,0
0021399F0BD9C43AF4171F4239229D170B455054C2500FBBFF8C0558B60F3287,0
0021432E02A164B0485798D02A91260B4CDBA47F88A82A34294C1AAA67DA0A4D,0
0021781F3FD3693C3B15AEBF6CDBC08CBF62C324EB863D98D4D2ABAE0C62F09C,0
0021A025F6BD99AAF005E4361C00F0BED17CBAD3D89904C0DFDC1402A7EFEC34,0
0021A08E95FED81C3DC75FC68CB2974B55036DD3FC3FC49A4E02565392F18FA6,0
0021AEF8AFA0EC20F964DEFDC36DF605E0E7A255F610882C269566EBED3E38B3,0
0021BBAB8F6952ED60875A25710B616E587D8A41DB4A6C2D9697C09E552A04F9,0
0021DF04EA37DA1B98CE968918823A2B05E4A6ABE74B2ED1ADA3E485EBF20A4B,0
002213770B851C9F4D06E846D88A66A0AA93CB8F0249FAB89D09CA3BF845727E,0
00222208A5BF71F17F9515101FED549E44BE90508F6474DE55FFF832435EB73E,0
0022635EA20A1BE4E1455D6BBFD914FCFD965B6AF5C28431B433FCB7A3C8DCB0,0
0022775DB60B379D5E286CB5A1322FDF25B493A10A05FEBFB5C68C4B5A7C0714,0
0022A3C7E98FFF4B093DEB6C290BE25EB9B9C66E897BF02E68F36099134B6705,0
0022A7BC81E80C8BFA2696C00A7362E0E4F17C539C65BD2A7599F57B63452797,0
0022AEB312EB2792EEC5D1DE9A17492911A76E52197ABAE2C15D9E53929ACAD0,0
0022B04EF8A9D6095420AD226E8187F4093608DC01B199C82656743532E18B61,0
0022B35D41C0DFAA4589CD1E6DC91D179169E349ABE34DA2FA26DEB7B4679694,0
0022B82CF46136C4C1C930369CF20CC1ED2234299DBEAE2B808F17D6A716B740,0
00230BBADFF34833A166DEB29AB30832F516614FADE1A92A39ECD7CBFD35DE44,0
00232C0AEA11B5DAC69471228967464BAA6D5D086CE91C22C689F8C6F680F123,0
0023606F6C6F95C791C8F18F0604E6FEC9A6CFF8664B4BA0C7FE04C4F3DF591D,0
0023895E0EED7261598B9BA0F77B62A86D002B635CD4649F5CC2685024F6E1F8,0
002395573F2F6351048B894020AB21779BFDAAD43005E3B42BAD63307137EBCB,0
0023B9DEE635FAEE97C087ED8AE9A3BCA9CF96941F9107AC74D4E3A1E7AAEC5C,0
0023C1350C371617EB02C64BF000408DDC77BABD7A54B10F24E5C9682CC8BF70,0
0023DB2190B1F568374820A9E89169962D02961D67584DFD90ACAF20170B5E15,0
0023E9E2046681E24C1AE517C14790D802E5923E38244EA49D59AB745AF40F16,0
0024121D612B5BF5097E6057EB9F3B99D66692E0573E5181ED954E462C0493EB,0
0024135B97943156CD3CB84F3BF428EE0120B1CB0DC85471F9AE1A968E7A8426,0
00241CEAE30F675C579E655B70D96DDE3DEE65F325CF85D39D7F744485366DC3,0
0024220A0796C83417F5FF5A7CC464CB90991839748BDCA4A2DD84865DA483D3,0
00242D331E3BD56FF4D8C03C1C2A12E4EA45873A64596C9B63845120A826F1CD,0
00243E7A8AEC405A784FB07C5F36DE64A3EA58389E5CA31EAD222F0F6D2FA0E2,0
002454B11C18901DE35C6A7CF6857033A4B6DCDCF1BC754360F31538F74D34FF,0
00247FC6F70F26C18BD28A60A3AAA301A06D085191D415D27B83CCFFB6BF3CA4,0
00247FCEBA46E3FD73CEE3CCB80C8882A9D603AA28F2872B09C12D21DCB90B60,0
002488FDB00D46766E7FDEDB370E47C910070406D790AD46D8848838D37E9734,0
00248B99DE5512C4A8340052461399A3589DDC67D06A663E4BB4C69DE3CB4A28,0
00251C9C399641AC2835D24F0D0C8A27370D9D5D53A2EAC1E56ED8988ED57296,0
00252E934AF4AF2656ACA1B706643126003FA78FED14B54BF14321D5EA26732D,0
00255BB60B26A3A94A858571070549C1E7331711AEB28AFF894C5EFF88C2BC9F,0
00257F4F8E3F5B61ABD5C985F0DF6FAE48882FFD977A6EA79341B9E61191B246,0
0025905E89E9E3AC3478EC0AF0210D9E0187D3F81739A25EB4B368DC1D33CA96,0
0025BEE0F9ACCB77EE34AE79E0E4221E8C7DAE2046D1A97F7BC0E52C4107E1C9,0
0025C0EDBDC6EE6B5B9E050C9457EB607DB4CDC34AEE48D8F6F70D4D7969D26C,0
0025C4C1AA78064F67257563005AE28A5CDAE6598567882DB686279BA033372F,0
0025CF80DC4968A6615D5590E80592D689B2183138EE2227AF8E276D47110FAD,0
0025D2F1B5B2F19750C496AE8079D57DF5DF331E44B798BEC24B88920FE4000F,0
0025D6ACE43DB2D959C1A756F78D39864E702A94A562BE86337E8B51A509123D,0
0025EA6A967DFA31B29CBC64E6C846228EA808A2AE11FEAB6BD55722D09FAC72,0
0025F58B99A9B06539713599F427417B2E3FDF82DCD2DB3FEA8D2AE70F5DFC07,0
002607A359EAA1AFBD1D916A9FC24B451C5CA97D91B66DDAEB2709B878A647A2,0
00266485101FD0BE1CA06548EF09BAED42BE29E7064813796465DF6F48C88D10,0
0026C567C3291DB26DD63F44F8405621AA637EF53CC9DC23181DF1E2E7A30EA5,0
0026CAA89FF8343302B0ABDB835C958DE7C1ABEEB79AA7245F40D00405FF0E2A,0
0026E0FF7A336942C3DD9AC957C57ED6E847871769BDC545B7D55B37C6D3DD85,0
002731A12283E4D8A75497F512215AE3975C8A6FC797B69738B4562A2ACB1A15,0
00274C3E61C813C46AD0E0B60C40EDF31085BDD395B3202AF1CD710F5EAE3446,0
002785DC0E57F77BDA8FF5B0A1B39B9A192496E7972CD2014B0BE9FD947E1820,0
0027BEFA85F565D9D9094747C6E7B8941EB37C98066BC813E815564E355856B0,0
0027C853C6D07B881B0F763967D8D7233AC31826170B645BBBE184595517D9AF,0
0027DCF4839B8341B218A3CDF10A9B2D8AA3894847F1A31C5DD4DB2A9C4A4ABD,0
0027F50FD8472DF103B53323AEE9171721C05E25BEC5735A1F4D14F6590D9C1F,0
00281068C866994444B98FB81E17FC7C422C6A71F5417E82E2BD879F622BBCFB,0
00281714F4A18A1AD34D76DDB7B4DBE74C820ABDD4CC42DBED2BEA3F1CEC8084,0
00288F02A0C6592308D70EC08F41167FA689E83B108F72858C4BDEEBD2E11D6C,0
002892B6E386E478D01D31CF096217A67367D6C2F591307D2D40DB0FED17565E,0
002896B24D0D6108AEEC4052D2452128161C18C198971FC10D2BBDDBF89DEF97,0
0028A27C656F511CF737648EBCACBD45F5C1492811CA20EEB0B406AE212B8028,0
0028DA7BA97BF9A22EE5C3D419FCDF06F82C49BB1A7C007A4910650DF0C9742D,0
0028F2CFD13E12AF39CB46EAB0EBB85B6BB47A0FDCB2F8AE3B683A8222CBA9CE,0
0028FA3D3F1D37043F2E3648F5D82CAB84FA88D26F06BFBFEC415ECBD8697957,0
002928FE2AF2FC022A03EC5CCB565482D2C82E6C897A725633157FC001C1549B,0
0029397FE508C0D2996967E785E1A87C759B1FB4A4815BB121E26013F96CFA7C,0
00294F1D40501E9A017FC8397A6E199B6BE85DDCD9C89E1F31B42674BD8A5EFD,0
0029797608D98DE575CC8707E8B19DC77D8B293F15CAA70C92E89A3FE8CD0F3E,0
00297B866346541ED87A71B40259ED08F9049A31301695C3BDF943C9BD6A1CA5,0
0029B11CF7918E185BC9870EE1284610ABBA175C572BCAB52FD70D1CBF8C9673,0
0029B679DDC7AB7A5BF5BEFEF27F06E2C94379F64BF527C0EF911CC00B5D61A1,0
0029D23010167B5752E27A7DDB1B0170E3FBBB3CA415F7C02520E96B2EAA6A60,0
0029D24F9A288FA117C3A0783CDC85439AB590450D4DF2171B1B342F94F59BC7,0
0029E2A76C3C64D12E01187D8B877795CB047A8DE5E8694B95A47B14FE601A1C,0
0029EBE805EAA26C17B2D077A6429C16FB3191BE44951C768A47ACBF030585FB,0
0029EEE032BF2690DE12736A07B05C5BDB80692C3B638EDE2080A55C279E93CE,0
002A08EBCB90CF2EF8F50576402506366C3DFFE2735CA883C86198F7FCC25A95,0
002A0DE198ED53677C2347B82450E51129A80C86E66C2A3D87054C5E2FD7F864,0
002A1FA35FA889EFE0493BE11A414A195D13D23BCFFBAB371F7CFED6E3BE59F4,0
002A206D62B3CDF311AD7FA9D812BB5227AEA973067C67614A29A204E685EF49,0
002A41E5D0E54C3302FAE96176FF015998B556EA932122B634178A55870E0009,0
002A446482FEF460E82CA0DE3D98E32E88AB449D7AFD21DEE95A63D840FEFFFD,0
002A4AD0149E6F271E843EA62E65747A5ED5A76FFD87F150162543E2E1130560,0
002A524865024D73AAB2D8DCA53F28F8A30A4CFA6DB33F415378D8803BDB7491,0
002AA4DB2CD82B88D1E7DBF7714F214FE7380306F39ABDACF961071FB2CD5F12,0
002AA85D07A96741AAE1AB2E3376B62D852AF8A40B2E2D0F3718B0DB4B9D3404,0
002ABEE286612F4496E0D639B67A1CEC2DD309631CD4C0D39083A2AF901F6396,0
002AC20AC17F4A524FBC7397E3FE7802C279D6FA322C7408589D22EFA32AA70C,0
002AC87A6AED797D18433F90C79FE06A9AE4B3E57D89158E1631FBCC34F93480,0
002ADB3BB93DFB9BEFED541F7F41AA84EE0E60C7330295714E4D46ACFADFB981,0
002B023F1DFE297E1E0EA68614C022AA89C6B1E155B3DB4A1906D5A95E368AA2,0
002B37865C453C4C94C5212DFCD2B7845EC3F92B2F18B1DB2ADE784428D3EB49,0
002B51F59B91796C3299D2302C1CB12EDD04F92F481AD2CAD7B6FC867C52B803,0
002BB0041A82A67A78798D3E2E6BA80D150F9DF62A8AFA0DC171C6AE68728B2D,0
002BB5705532FC48E9BBFC2440B7CA45E5A94370AA67929C98EF9303B42C5DFB,0
002BDDE75D578C9F21EACB18B3CD913DAE7326C9D798B9FB00448C9AE44BE09F,0
002C05A43FD1AE16BBE6DD14A48A56A946D5D30DDA857BBFE80899489FFE3CF6,0
002C0789E241B3AB18BD06EB6C378E8678DCEEF8D3CB55686BA4FDCC20F3DC88,0
002C0AF4EF6CF9C41EA33E397C6243953C214A0D899982E2E9545B665B3110EC,0
002C0FD93061C27EA04E1AEB920FE13F2066EEF93B7D66141A6935E8AE9D4C2A,0
002C22DE639F87521CD2A7860E17DF7D06DFE44B519DCED1CA83173ACE66936A,0
002C50265A30A890424139EFA503F07E7CA268F391C4D7D1AC6CBBBD2FD4BAA5,0
002C70423EF0D64E936D08F6AA1A0787E40B0318E74218751B9137CF52919060,0
002C7672692000C30B38489402135948EA3D9DED79EF36339E756ACDA8B02BCA,0
002C8F78AEF3807F7DDA37CA500D2AAC3D546D6820F40FC704938503071BED6C,0
002CE7AEEE685632DD207095341EB9E744306DF34E11496909578438FF15E1DE,0
002D194F409FC892DAF3DAE10204CBFC03BB211905AFC0AAEE7ADEA032D744DE,0
002D1FFE0723414D5C33D95D3B611C0D2B17F420EB408A8BC063E68ABCB00BF4,0
002D254F738DA9F32C7F6CA727F60D8B7CB12C0721D43419DC6C0EF588929819,0
002D28C7611A50C41435F7EA0B64C86AE279468F335D14E0A289F2D127A0CCA5,0
002D4164E4A6FF48DB5163D38A49694E0654A35D873ECAB30918C2BE55366B65,0
002D4EE8A9A02CA3580BB8FCB29A9C83CB5CB73A6DB55DA36759F08BBDF6C547,0
002D60BCC9A0661AD269E5F74F85E805868DFE9168A956E4C09602926C684BC8,0
002DAE023419CCEB84DF21015D7776D451CAADDCC3B7EAEA23024837B9F65959,0
002DB64E7A35C2AD949E1016E7FD365DA8BEA4720D1ECC1D9A6D2E7614D52FBB,0
002DD4F7835A3F6D438758FD68B1FFBDBA7096BAB893EC422EC347121042FA7D,0
002E038F5F12BF386FE6A7F51B0D4B9ADC815BF1C41917ED61C603AD089C60E4,0
002E09378A61036C87D5EECFC76F30381AE21A35369B0081B48FCD448B086667,0
002E1185D08381DE2DEADABCE08066919A588E951CE451A9A2EA82A2F68741F6,0
002E1D11F16F50152700DD6F44B487C0E39AA42A7D82F5967E29C7BF27C9E074,0
002E205E33E1B7836CB63FE8FDCEC45170E3A19ECFE415F1EB59C58CC6FC2614,0
002E216FEB97436D0F66BBB251BD232E3426CE599DDE412D2799153206F5F8AD,0
002E37811BC2F069F0D76ED76A66D5320C225E6AAFD34C2B23FDB7FD8BCB8C86,0
002EB2EB915F5604D66D30BE6972322F7D70C80BD8E58BFB6CDB0D7A49092287,0
002EE6407BF511893B219FB067E4E6E236BE750F4CDFDC373889AADBF40EB2D8,0
002EEB1AC0D9036D65CAF67689FE6D9A87AEF286C30E4FD1EA89A5F7B04B991E,0
002F0B13566963BB1FB0F77994B781A7E605D5AFA0D3653449247EA007F90B34,0
002F1E33A714CD3434A27DEC2D09ACC4D0B9602560F13FF6A3D30C3CE32A3D8D,0
002F32624225F5BF3FE2BC2BB0BCE964558593C321A1C61FD963EADEE35E92C8,0
002F3C5C959C6BE59D9A9EB15DF802F6DC92796EC373DEC7F035B3424702233E,0
002F3EB4CE8F5F6B4297016013432622B72F69DE29328777FF97FDAE476281CB,0
002F488D5A47DB3B015415EC4563FE2C10CBD2A2D7D8E3522EAC73C954A0E24D,0
002F4A195657CB034E805BB99701E06D66061FBA35DAEF5804818D1DA237360B,0
002F519EE67503B6C57D803478018CE5A5FE2D35E8AD91371D81F8CCC2264DA1,0
002F53AA1BB401D4668F12EF2C2905D80F52A0D5F85AB046D4F8B70C9034ECCC,0
002F70A01B148E9C2988A4B7F4BBFFE9AA62C4A289992B23EDBE1484723B6E4B,0
002F7674F8639A8D861DCB083493E08BBCFFFB93AF22DDD8FCC7FF7ACF9FDE7C,0
002F7F326AE67E479A23B4A7513CA6200D6FA5285EEED6F1D08F78D217E34EC4,0
002F845FB61E5245C879B9F8599F96DF30EEA178083541F36CD66A9797D05FD0,0
002F8D8A931D683322E4EE41450D3333C87C4E08F92D3FB87AD092F7BDD689BF,0
002F8E05575EA1ED61A8F96EB1C7503A06AAE41F1AC7873398C6F9E4E7DB7D08,0
002FA0DBB6C5BED248AC90DC6FD042439E908EB19AE82DADA6259F759C59909C,0
002FBC2BFBBBA8A35327C35610E6C6F9B683E583790EB4EBB420B5561515A0C1,0
002FE94C80C276C9BE3513122CEAC3C227254512C6C34A13A735FBF077AA1639,0
002FFE0A20D2202782274EC6B9C91E522CE1FEA4A77DC46BBFD87EB5CEBFE545,0
0030186A2DD5C34481DAA256F804A696032815D5BDF6E70F27CC543997E8E322,0
003021FB6C914B7429AB0E9EAFAFC4FE60217267D7DFBF5ABBF52CCDD6A9CD57,0
003030306EB35F0E5534B1CD254E9BC64B71A6DD23BB09DC508392063D9EAF10,0
003061C0FD594B16350D1C7F079279ADE8ECBF92FB14A4A604FFA3323F04AC64,0
0030733231C5A9E20CE1D2DEAD8EFCB286FB749932510B3845335CFCD2BA14D7,0
0030A5037D7F69DA4CC59F0155F583F15C78881B716DE50A7AAC94B8D6236CFF,0
0030DDAD0C45602C0BD129E0F662B073A034581FCC9A90E3E0EBED4D982F90CB,0
0030E85C816085E5ACF77872E07A1FDDF9D3B2EBB69CD79AFE426BB0515F20CD,0
003118F2E24FFDDCE9AF00B2AA58C9B08DFE7DA60C192521B1009ED50D1FC5EF,0
003152AC435F40F3E33C4F42776D9A60E627D01234EDF88A5687052091640D36,0
0031634A869E21A652DA2D2E7735E1B701A2041E777DD51FB5442280EED19EB3,0
00316EB4C29DE78F4F636137793B4FBAD0FAADA909C7836F2E3D218A78249F3A,0
00318BCBC96D5B250AC6A8D6BF1D6E30C8639A71AA4132C9B0F7B5121AAB1979,0
0031C126ED8EDEC520BBD7460CA695BF57594B52A6199DD8F9A9C52BAF89D313,0
0031E86CB3595574837CC84200FE46DEB905F51B45CE77E509B83030F798FD42,0
003227A6D6A5E0E59CED689C82D9DBF077A370A5E38C182F040C6685F72733CB,0
00324219571493D9D9C75F58A921A94D06808BE796D8742F8F69FF2A1B3EC46F,0
0032543063D79F26F1609E5CCE747E7EF614214D85F35F161B9D4B5CAF14E9A6,0
00327BFE9F1B29074332A231D36FD7977C1B3CD07178A29B5F98D11C87AD5D21,0
00327C1495D2B81DFB7F2943D31A76DF8E36CEBE41A0BEB8E96C4CD2296AB193,0
0032961181E920D96ACD2D71DC658C5E925C4CE9B2FA4DC0D2FD05EE36CC0B60,0
0032A2A6C319A6118B3BC9AE71308D17648C2B414E417C351B847FC51F18E199,0
0032E635CD95DEB1FCF9342D0FACAE46CB54F96468DA60A33F0358D4370B175B,0
0032FAD14377F1D5F5420D35E0C5EA506AB3FC1947064F2E37BC68C30A00BE3C,0
0032FC045FFA7F82CC0A7034D866BD42DC672902968D174C891A2B37D1888C73,0
0032FD3DD6142D41164923F864F10641E19986B9DBBAA860CE2F028D50E3EC4B,0
00332FCDBE3A432FB28142E4DDE65E99B9EB63BA9DFA378072E16ADA8EA2DDD3,0
0033393BB35067E2C0B54CA417FB2C635EB472F5CBDF8F902AD5947F1006D47C,0
00333B541B92D973F3116B342CAE094FA9CDA7340C6EDAB2684EB8EBE92AA598,0
0033558089305A08008391C87B2A4ADC90D3C45E5D1D4EA92218D9EC3FFD1B1C,0
0033608840456343DC743E9E6F6171714952FDC1DF477BAE0CF7A4DA33054DAC,0
003363B9D63F2B351518BB4A71DBB2D3578421E819FAA70C8B7F58A9683B4F0B,0
0033B587CAEA51DB78506F65CF820A963C41FB869C4140B0CA835CBFB56B2897,0
0033D8083974DAF778ED24FD1AB44BF6904A8C19E2B8AEC3E947A77AE414D53D,0
0033DE64B67A63D46AADEC689F0A254C69A7EE32397B4E4F3F5BD2A655241CF9,0
0033E6DC583889C967F4AAFC3F1616FF1C8275C581291FD3DA91EEB827BA9549,0
0033F4D33733CAE7F8C1703D4B78BFC4A851A19F878D0FC0AC9216F424C3CFC0,0
00340B9408CEF58F652CD453F640E10B065F624DA0160099AFFF7656CF614269,0
003427E5F437A90BB0946B3C4EB4BB9C4A798710C411188569B008FEF590BF18,0
0034625AA5CAD335DDBD2CA0EB0304C1CEAC4F25046DAE27C7D9EA0617795BC8,0
00349296EF30EFF162E7AB9EFB5D0487256EA97FA5369E879262B41838B0C341,0
0035200553CDE6C891F0983CAEF0AAAEC822144254BA03E265203396166E38DD,0
00352C6BE60ADF236477EFAD6C76002A988E9D7F4A11FFAF7D6CAC8E25846A24,0
00354C63AB07748FC40B8BDF5EB3F9EC885DDC980A58B7B7987DF97B793AD97D,0
00354DE7DD29496BFF74482EA9CC82BB0E683BBD1CE78A48BDF6A74CE3324212,0
0035627A929694A79E61BEF01530D218A1F205549552DA44C1DF4054CB9C09E1,0
00356B891096355456F66F8557E01FDDF2E7B8C34F3F430039B18CBE5D0913DF,0
00357C1692075EF570CB3B505E0E96341491087183198A6508D2B8E48DC0AC63,0
0035834D702A5EF5999856E4BF162E3A85CB010B75F830645F082B5D44C7E9B1,0
003588F29F6BD98F9F7889520D15591990FEFE86E7FABB0FFCAA8554D8E7D9A9,0
00358CBED7451D0518ECA216A2C98964D2F7B618B1D094B0A6935C1C1A1C9D51,0
0035A435E0FF91979699845CBD9443270F3DF9A7CABF5CAAE3619F80A14302A6,0
0035DEED23A477873E879C0955BA3BA8A953A046A32AA6A297E6E9487566998F,0
0035E95D9EB38B0607129BB91E8F92F2295EF074E8F8B046299954FFFEF81920,0
0035F0F24A335FDA05528E12CAF9842D69CCD3B97C032B1E2FF2F4CB93AE1B69,0
0035F4A36972965A7F97371285552A9B937D5AB3C83094A8BED3C406B09C40B9,0
0036056C6216C1E1C0A75C3193BC4B59C226943817EC20368A2584143782A849,0
003636BFEC5D232A422B4B43998FE9455AC0EB8D80391E3B2A4388E42A19DB04,0
00364015276969A1CFEDCE9E66AEBEE9EBFB693DFB41FBDAB326952619518A12,0
00365E956339584BBEB650FBD8CFE9E87D569711135F848707C1D8144A6C7A5A,0
003664415B3F48428CA41A383783A92C4ADC94839025CB501A51E5B4AB825863,0
00367FA8D65FCA0B5FBC1D1AC13C329951F8DD0C7CE072F7B79C8FF66E345ABB,0
003690048823E37E1D028B0FD0FBD87F70381F25D30EF04D8888E7CC27B2FE9E,0
0036BEDF416C42BCAAB5C6F3601384A2AE9E0633249F8E27930E25C16A1809BE,0
0036CEA20649D8ED7226E809F8CCF1CA49DDAAEEC0556A0389F78F6528017D54,0
00371E73717FA4E591837651E5E9908FA032AC91E203B296B1386BBE98C04590,0
00374AAC3C3E2CA9345573D06C3DABAAF8A275C55C7B66B6E0892B672A1141EA,0
003761E3643D2E98860302F628CBA7493C349552B8A0141B16D8FA1B12F0E64A,0
003788A2F355CDE5ADA0959FB069A16DB83F7CC23691E719CA5744E4578C1759,0
003791F9611814B8E5AC7F8AC47AC3AFB3124479524C93EC5E669E4B585302AB,0
00379277CF51513CFD843D1FC2D87DE09EE4E0BE9E7F1665B51E5A9230F1796B,0
0037ABBDF0BFDB6E1F64269556F8C506E18DEFB73D44382BC300CD58B120317F,0
0037BDCEA297D8396327DB59D5F3B6F1A89AAF95F7B63E28FF6D8790F09758A2,0
0037C2A401AD6118AB567BF6FF26D0F4C95C98F7BE1AFB504A0D6F86A13035BD,0
0037F90B9285497778D73C0DEBC05C2446D1EF2CE318AA01A9A24503BFDEE595,0
0037F920191D6AF66117036205D4AAE102E0B40E9117C5A203E51DAE09BB5A2B,0
00380D1FA7D53D24A9EC55C41DEE1895430129329D43F361B6C0977FF5195CD8,0
00380EEDED9DE7C2F48959ECB36DFAF89B23FA615DE8FF3A752F038C58C47E0C,0
00384A9B464DF62BB4523EE4684FA5F57D749C5BAA65B4254FAA1BE7E9EC2723,0
003857C65097B3DE300D21236EDE9AADA4F7A1CED12611EE8AE9423D5848D09E,0
0038636CB2FA847ACC4FD5CF1160633BBC5742C04A23A509E20C5E1601245D9A,0
00388B478470BE5A582D2F31BAD90D07FD0E119957226A5D1F585EB33A2F6825,0
003890D0E55DCBD787439E0BB4C14A4B6F99533DBB1F724AA40ACD6A36859992,0
0038AEB02A940304BA4D753471A7398963DAB057D252C014AA7A37B9794C9F9B,0
0038B6E276F61A17918AA9B9FC01B875AC258B89290F4CBF954C2F13DDA03D83,0
0038B79FDDE84271BBE784EE90F305E3ED68E7E89BB35C17D74C36B813503041,0
0038C35A0C5CCFC0BEE340ACA267E5D38CED0ADCA5747BC2B6AE4C4DA0C586B3,0
0038FBBBE6936AE60659AE39FC5F52CC9FCCC7D3301CBEADC1A4206F5BF1CE45,0
0039220D4F718AB22645F48EFBFB202D966F2A7B580376FCD8B83DAFDAEC9A01,0
003953B385FD0138CC8B677B1C51B51B956E4BC776610A499128CDB594DE3AE8,0
0039C0E6067CB0DFBFD6CC7E1D16D8B662A76786254EC2C6FC3E323905DD1B8B,0
0039D5AB4EED4D4F1062974B70303B2F86998E425EBAB554AAE368F849A43599,0
0039DB66711D02DDC1A55668B78C54434964B3D0941ADE3669128BC5C50FB7C3,0
0039F212BC49BF2989CD810F94E9863920FB54BD055B01D3B4BC8D10F1396F01,0
003A0D270957C52E7EB02520419DA970A07FB4913DF9A385B18353301ADEDECB,0
003A10B164897F315E27A313EB0181D0D1D27872F522C318716C7DE414C31DB8,0
003A423BA0DC012DE32B82DC407F9E3618E2E3FAF1A11722363B70F8097A0CAE,0
003A428FCFF8B15D67391014F41FE12B52B5BCFD90FAE23B4F07278F1A868FBF,0
003A4620654BC9CE3443A714934BB0FEB44A2244C5F5C4E4DBF85F4ED19A489B,0
003A71AF9A508BC2EB568E3D4A8DD8534AB2CB920082B39790148C5A53A3D00F,0
003A8868F2D9D203E3BAF7828BBF51E8FA85B25A21CC72B56C9D622C57B99A4A,0
003A899F93ED01B3F409D7B60437BC33080B41E68C69AC6F9495EBF7BE755C80,0
003A9AB6115FE810F0BC922BCC720CE3977C8BFD886515E5A94670DD7709B757,0
003AC8D9B649D12E2344D300134D7E5A2235B76F6409646CC0168BE5F70AB230,0
003B228C39653F7879A5A666042660D90E9F9B460A214E6951EB79019B96150B,0
003B60FBBDF4E07F3994FBD8DB9C3B717EF0B4CB1D5DB6BA2D504411BC7FF96D,0
003B636F6BDE2404F3C6ABF1259B9873912199BF9E166C5D1462237791803B05,0
003B8FC7D16D551EFD12DDEF182546656CA786D363E49F63A2D046FD25E0683D,0
003B9C70A6899765A33868390C20B5792520A49EB4010AC39597A1B6D40B8D37,0
003BA91E90B8C0501D7EA395FEE69627717133A1CE5961EB42DB6833C0099825,0
003BC11B0E16B796057D845FD7B0D5607B4B459A03063EF44D018FBF18A2ABB2,0
003BD83D13F7F21E2D3152F71B2B0D953C2F8E79D0370FF5B6CC7BD57A9D606E,0
003BE119DA29D0752EE117105E9B92A8207E21DA82CEA2E2BD84E30217A8E675,0
003BE2033E60D0A1EAD617CB2E3106A9B4850E3C4765BF34E757A49426E4A83F,0
003BFB204D77F99D5408425CDFBEFA6CD81528C8E90EBB927ADADB74BE78CBC5,0
003BFDF0BE66700AD0DC2690753D636010691870400F6CA9173975B4602565D9,0
003C21AB143A69FFA42BC4110A23B17F2F6CBCDA8248F70FD3DB523A331CA549,0
003C37A5237DAA481867F06B01CC1FD5DAB54A5D6D999EC1E6A35D7F2B4D815B,0
003C4D46F987BAB2CF7F30FAB7E36FB11906E5CE63F7E2CA988F12903F7C9073,0
003C7EC6680033073DB86DCFB5EBD8F0D97A19F031E375281B13B4790A627B67,0
003C990D1D7AD55661D0400DB4B2A578E457480BE2FB0284D126400C6B9EED14,0
003C9C0FB3F7A391A1813684FB8133C6A2620ABC5AFEE2ADD1FE08526257625A,0
003CA95668166AD906A88A0C1226AE51D39EDF4DCACC1E8172040E1F789CE5F9,0
003CAC3DB4AEA10A63C058B0E9FA238E57FFBFA07AE02FE03B7224B05734FB48,0
003CB1548FB170514D36882156014D4A3ED13DBDE43DD7DDDC09103EEA055104,0
003CB5F1C625781061D25DCA64E15F490A5BF425CCAADF814AADDAD4C7B8A848,0
003CBA2BD54A02259E96B4951BD5811378C971F31816C5C342F8F40B8C08D70E,0
003D251F18950165A183E6D860BA782F26D60289891FADCDFF9A6CD7A14B3E12,0
003D3AA7D2E55ACAC196C777F0FAD755BF56BF1878517AE46E15B3C839BB1273,0
003D414BF303B61E6018A838DCA3185420B084D506E61E0A209C90C48E65FA81,0
003D462377C9E265B6A874A72E0B2087794645A7A58FE6DA021C4C2018449197,0
003D5924EF2DBBE136BA20BF02F8C24D443DCE69D7356FB6D03DC35CE0C6D938,0
003D5EAFA4D0B58C8BC9F43543E63EC58D2CF427EFD9742076BE0CB0D6C8D3F7,0
003D5FD3B668AEFA260C00FFA7F44EF1777B2ADDF3CE8027607828675C1D8FAC,0
003D723BFD6AF1B5A4AC88DF57FE972A7659F6EFFECDD337321C92410D21C713,0
003D95E0648054057584E2F55C7F8F3CB64EA47E4FC837FD36D1FF40CC700EC9,0
003DBFD0B8E588DD97F8099EAA7E2BBA7DFD8B6213FEAA542DE55D4534D2EF93,0
003DC6238348EEE3D4C307186E1AD55B507FF46AF5C8A5416C6D02BAA6ED592C,0
003DD5FF46A9980A137092D13D957881974E4369560CABC2E002A956CAFA7680,0
003DDD353A833D509CF5A07AACF3B08BE5D35B45FCD63D321611AD2D7E91D22D,0
003E44181CE1C6FAED9CC9E5822B72556205BA3BB74EC9194EA4158CA73B2001,0
003E54168F498E94B18971EE5DF4AF3BF762809C6F340168623709BC8BE6839C,0
003E6DF35B590A3171BFA53356030548091929B38C1FFE9F16C604A8149C9C71,0
003E8507BBB5D194CC8C69702D9764E409EB7FA0A075D768D090F294A2D2E505,0
003EAC90B0008A75A901AFE80BB147CD584E6E984BD519A48B0B9672BB093F27,0
003EAE4F83822E54E361172DF7B93A614E94DF8E88D59A69DA101872806616A9,0
003EC97635964C8C2587DAE9F74F4A27A12D0300C64690ED3B06315F10C26322,0
003ECB8BA086D3FCD55373B212CE4E438443C71B005CB1A5AD7B205A06A3405E,0
003EDA3FCBE68AAF81929FB54B1F60637080AC222C1747911313BFB4459B64E2,0
003EDE745544270210F826EDF3266510BF835CDE67FA5DF2AC7470008BD233B0,0
